Exit_Reason,Total_Trades,Total_Profit,Avg_Profit,Wins,Win_Rate
TP,11,5208.19,473.47181818181815,11,100.0
SL,5,-3305.47,-661.0939999999999,0,0.0
MANUAL,2271,-10026.17,-4.41487010127697,748,32.9
