Metric,Winners_Mean,Winners_Std,Losers_Mean,Losers_Std,Difference,Recommended_Min
EA_Entry_Speed,143.8720289855073,6347.627226005059,-193.0336286089239,5518.989438841452,336.9056575944312,-212.34
EA_Entry_AccelerationSlope,267.42997364953885,3161.1946083701737,-42.59340551181102,3004.155965790278,310.02337916134985,-46.85
EA_Entry_SpeedSlope,317.2094993412385,2899.9172496106153,34.86375328083989,2941.1104667046047,282.3457460603986,38.35
EA_Entry_JerkSlope,48.333267457180504,884.2906003585301,-17.592303149606295,857.9269476321502,65.9255706067868,-19.35
EA_Entry_MomentumSlope,10.987997364953886,183.07084990706173,-0.0023293963254591384,160.91047255893656,10.990326761279345,-0.0
EA_Entry_PhysicsScore,59.6240974967062,37.79899938919356,55.1767125984252,37.53427612107505,4.447384898281001,60.69
EA_Entry_Confluence,84.00527009222661,13.581765427834354,81.85039370078741,14.164911141917688,2.1548763914392026,90.04
EA_Entry_ConfluenceSlope,-1.699604743083004,9.4650802377418,-2.2178477690288716,9.18560617639155,0.5182430259458677,-2.44
EA_Entry_Quality,82.83769433465085,3.219434361134558,83.34485564304462,3.34471714933988,-0.5071613083937763,91.68
